{
  "regions": [
    {
      "id": "north-america",
      "name": "NORTH AMERICA",
      "countries": [
        {
          "id": "usa",
          "name": "UNITED STATES",
          "flag": "🇺🇸",
          "states": [
            { "name": "ALABAMA", "url": "https://ions.com/ion-alabama" },
            { "name": "ALASKA", "url": "https://ions.com/ion-alaska" },
            { "name": "ARIZONA", "url": "https://ions.com/ion-arizona" },
            { "name": "ARKANSAS", "url": "https://ions.com/ion-arkansas" },
            { "name": "CALIFORNIA", "url": "https://ions.com/ion-california" },
            { "name": "COLORADO", "url": "https://ions.com/ion-colorado" },
            {
              "name": "CONNECTICUT",
              "url": "https://ions.com/ion-connecticut"
            },
            { "name": "DELAWARE", "url": "https://ions.com/ion-delaware" },
            { "name": "FLORIDA", "url": "https://ions.com/ion-florida" },
            { "name": "GEORGIA", "url": "https://ions.com/ion-georgia" },
            { "name": "HAWAII", "url": "https://ions.com/ion-hawaii" },
            { "name": "IDAHO", "url": "https://ions.com/ion-idaho" },
            { "name": "ILLINOIS", "url": "https://ions.com/ion-illinois" },
            { "name": "INDIANA", "url": "https://ions.com/ion-indiana" },
            { "name": "IOWA", "url": "https://ions.com/ion-iowa" },
            { "name": "KANSAS", "url": "https://ions.com/ion-kansas" },
            { "name": "KENTUCKY", "url": "https://ions.com/ion-kentucky" },
            { "name": "LOUISIANA", "url": "https://ions.com/ion-louisiana" },
            { "name": "MAINE", "url": "https://ions.com/ion-maine" },
            { "name": "MARYLAND", "url": "https://ions.com/ion-maryland" },
            {
              "name": "MASSACHUSETTS",
              "url": "https://ions.com/ion-massachusetts"
            },
            { "name": "MICHIGAN", "url": "https://ions.com/ion-michigan" },
            { "name": "MINNESOTA", "url": "https://ions.com/ion-minnesota" },
            {
              "name": "MISSISSIPPI",
              "url": "https://ions.com/ion-mississippi"
            },
            { "name": "MISSOURI", "url": "https://ions.com/ion-missouri" },
            { "name": "MONTANA", "url": "https://ions.com/ion-montana" },
            { "name": "NEBRASKA", "url": "https://ions.com/ion-nebraska" },
            { "name": "NEVADA", "url": "https://ions.com/ion-nevada" },
            {
              "name": "NEW HAMPSHIRE",
              "url": "https://ions.com/ion-new-hampshire"
            },
            { "name": "NEW JERSEY", "url": "https://ions.com/ion-new-jersey" },
            { "name": "NEW YORK", "url": "https://ions.com/ion-new-york" },
            {
              "name": "NORTH CAROLINA",
              "url": "https://ions.com/ion-north-carolina"
            },
            {
              "name": "NORTH DAKOTA",
              "url": "https://ions.com/ion-north-dakota"
            },
            { "name": "OHIO", "url": "https://ions.com/ion-ohio" },
            { "name": "OKLAHOMA", "url": "https://ions.com/ion-oklahoma" },
            { "name": "OREGON", "url": "https://ions.com/ion-oregon" },
            {
              "name": "PENNSYLVANIA",
              "url": "https://ions.com/ion-pennsylvania"
            },
            {
              "name": "RHODE ISLAND",
              "url": "https://ions.com/ion-rhode-island"
            },
            {
              "name": "SOUTH CAROLINA",
              "url": "https://ions.com/ion-south-carolina"
            },
            {
              "name": "SOUTH DAKOTA",
              "url": "https://ions.com/ion-south-dakota"
            },
            { "name": "TENNESSEE", "url": "https://ions.com/ion-tennessee" },
            { "name": "TEXAS", "url": "https://ions.com/ion-texas" },
            { "name": "UTAH", "url": "https://ions.com/ion-utah" },
            { "name": "VERMONT", "url": "https://ions.com/ion-vermont" },
            { "name": "VIRGINIA", "url": "https://ions.com/ion-virginia" },
            { "name": "WASHINGTON", "url": "https://ions.com/ion-washington" },
            {
              "name": "WASHINGTON DC",
              "url": "https://ions.com/ion-washington-dc"
            },
            {
              "name": "WEST VIRGINIA",
              "url": "https://ions.com/ion-west-virginia"
            },
            { "name": "WISCONSIN", "url": "https://ions.com/ion-wisconsin" },
            { "name": "WYOMING", "url": "https://ions.com/ion-wyoming" }
          ]
        },
        {
          "id": "canada",
          "name": "CANADA",
          "flag": "🇨🇦",
          "states": [
            { "name": "ALBERTA", "url": "https://ions.com/ion-alberta" },
            {
              "name": "BRITISH COLUMBIA",
              "url": "https://ions.com/ion-british-columbia"
            },
            { "name": "MANITOBA", "url": "https://ions.com/ion-manitoba" },
            {
              "name": "NEW BRUNSWICK",
              "url": "https://ions.com/ion-new-brunswick"
            },
            {
              "name": "NEWFOUNDLAND",
              "url": "https://ions.com/ion-newfoundland"
            },
            {
              "name": "NOVA SCOTIA",
              "url": "https://ions.com/ion-nova-scotia"
            },

            { "name": "ONTARIO", "url": "https://ions.com/ion-ontario" },
            {
              "name": "PRINCE EDWARD ISLAND",
              "url": "https://ions.com/ion-prince-edward-island"
            },
            { "name": "QUEBEC", "url": "https://ions.com/ion-quebec" },
            {
              "name": "SASKATCHEWAN",
              "url": "https://ions.com/ion-saskatchewan"
            },
            { "name": "YUKON", "url": "https://ions.com/ion-yukon-territory" }
          ]
        },
        {
          "id": "mexico",
          "name": "MEXICO",
          "flag": "🇲🇽",
          "states": [
            {
              "name": "BAJA CALIFORNIA SUR",
              "url": "https://ions.com/ion-baja-california-sur"
            },
            { "name": "CHIAPAS", "url": "https://ions.com/ion-chiapas" },
            { "name": "GUERRERO", "url": "https://ions.com/ion-guerrero" },
            { "name": "HIDALGO", "url": "https://ions.com/ion-hidalgo" },
            { "name": "JALISCO", "url": "https://ions.com/ion-jalisco" },
            { "name": "MORELOS", "url": "https://ions.com/ion-morelos" },
            { "name": "NAYARIT", "url": "https://ions.com/ion-nayarit" },
            { "name": "NUEVO LEÓN", "url": "https://ions.com/ion-nuevo-leon" },
            { "name": "OAXACA", "url": "https://ions.com/ion-oaxaca" },
            {
              "name": "QUINTANA ROO",
              "url": "https://ions.com/ion-quintana-roo"
            },
            { "name": "SINALOA", "url": "https://ions.com/ion-sinaloa" },
            { "name": "SONORA", "url": "https://ions.com/ion-sonora" },
            { "name": "TABASCO", "url": "https://ions.com/ion-tabasco" },
            { "name": "TAMAULIPAS", "url": "https://ions.com/ion-tamaulipas" },
            { "name": "TLAXCALA", "url": "https://ions.com/ion-tlaxcala" },
            { "name": "VERACRUZ", "url": "https://ions.com/ion-veracruz" },
            { "name": "YUCATÃN", "url": "https://ions.com/ion-yucatan" },
            { "name": "ZACATECAS", "url": "https://ions.com/ion-zacatecas" }
          ]
        }
      ]
    },
    {
      "id": "central-america",
      "name": "CENTRAL AMERICA",
      "countries": [
        { "id": "belize", "name": "BELIZE", "flag": "🇧🇿", "cities": [] },
        {
          "id": "costa-rica",
          "name": "COSTA RICA",
          "flag": "🇨🇷",
          "cities": []
        },
        {
          "id": "el-salvador",
          "name": "EL SALVADOR",
          "flag": "🇸🇻",
          "cities": []
        },
        { "id": "guatemala", "name": "GUATEMALA", "flag": "🇬🇹", "cities": [] },
        { "id": "honduras", "name": "HONDURAS", "flag": "🇭🇳", "cities": [] },
        { "id": "nicaragua", "name": "NICARAGUA", "flag": "🇳🇮", "cities": [] },
        { "id": "panama", "name": "PANAMA", "flag": "🇵🇦", "cities": [] }
      ]
    },
    {
      "id": "south-america",
      "name": "SOUTH AMERICA",
      "countries": [
        { "id": "argentina", "name": "ARGENTINA", "flag": "🇦🇷", "cities": [] },
        { "id": "bolivia", "name": "BOLIVIA", "flag": "🇧🇴", "cities": [] },
        { "id": "brazil", "name": "BRAZIL", "flag": "🇧🇷", "cities": [] },
        { "id": "chile", "name": "CHILE", "flag": "🇨🇱", "cities": [] },
        { "id": "colombia", "name": "COLOMBIA", "flag": "🇨🇴", "cities": [] },
        { "id": "ecuador", "name": "ECUADOR", "flag": "🇪🇨", "cities": [] },
        { "id": "guyana", "name": "GUYANA", "flag": "🇬🇾", "cities": [] },
        { "id": "paraguay", "name": "PARAGUAY", "flag": "🇵🇾", "cities": [] },
        { "id": "peru", "name": "PERU", "flag": "🇵🇪", "cities": [] },
        { "id": "suriname", "name": "SURINAME", "flag": "🇸🇷", "cities": [] },
        { "id": "uruguay", "name": "URUGUAY", "flag": "🇺🇾", "cities": [] },
        { "id": "venezuela", "name": "VENEZUELA", "flag": "🇻🇪", "cities": [] }
      ]
    },
    {
      "id": "caribbean",
      "name": "CARIBBEAN",
      "countries": [
        {
          "id": "antigua",
          "name": "ANTIGUA AND BARBUDA",
          "flag": "🇦🇬",
          "cities": []
        },
        { "id": "bahamas", "name": "BAHAMAS", "flag": "🇧🇸", "cities": [] },
        { "id": "barbados", "name": "BARBADOS", "flag": "🇧🇧", "cities": [] },
        { "id": "cuba", "name": "CUBA", "flag": "🇨🇺", "cities": [] },
        { "id": "dominica", "name": "DOMINICA", "flag": "🇩🇲", "cities": [] },
        {
          "id": "dominican-republic",
          "name": "DOMINICAN REPUBLIC",
          "flag": "🇩🇴",
          "cities": []
        },
        { "id": "grenada", "name": "GRENADA", "flag": "🇬🇩", "cities": [] },
        { "id": "haiti", "name": "HAITI", "flag": "🇭🇹", "cities": [] },
        { "id": "jamaica", "name": "JAMAICA", "flag": "🇯🇲", "cities": [] },
        {
          "id": "saint-kitts",
          "name": "SAINT KITTS AND NEVIS",
          "flag": "🇰🇳",
          "cities": []
        },
        {
          "id": "saint-lucia",
          "name": "SAINT LUCIA",
          "flag": "🇱🇨",
          "cities": []
        },
        {
          "id": "saint-vincent",
          "name": "SAINT VINCENT AND THE GRENADINES",
          "flag": "🇻🇨",
          "cities": []
        },
        {
          "id": "trinidad",
          "name": "TRINIDAD AND TOBAGO",
          "flag": "🇹🇹",
          "cities": []
        }
      ]
    },
    {
      "id": "europe",
      "name": "EUROPE",
      "countries": [
        { "id": "albania", "name": "ALBANIA", "flag": "🇦🇱", "cities": [] },
        { "id": "andorra", "name": "ANDORRA", "flag": "🇦🇩", "cities": [] },
        { "id": "austria", "name": "AUSTRIA", "flag": "🇦🇹", "cities": [] },
        { "id": "belgium", "name": "BELGIUM", "flag": "🇧🇪", "cities": [] },
        {
          "id": "bosnia",
          "name": "BOSNIA AND HERZEGOVINA",
          "flag": "🇧🇦",
          "cities": []
        },
        { "id": "bulgaria", "name": "BULGARIA", "flag": "🇧🇬", "cities": [] },
        { "id": "croatia", "name": "CROATIA", "flag": "🇭🇷", "cities": [] },
        {
          "id": "czech-republic",
          "name": "CZECH REPUBLIC",
          "flag": "🇨🇿",
          "cities": []
        },
        { "id": "denmark", "name": "DENMARK", "flag": "🇩🇰", "cities": [] },
        { "id": "england", "name": "ENGLAND", "flag": "ğŸ´ó §ó ¢ó ¥ó ®ó §ó ¿", "cities": [] },
        { "id": "estonia", "name": "ESTONIA", "flag": "🇪🇪", "cities": [] },
        { "id": "finland", "name": "FINLAND", "flag": "🇫🇮", "cities": [] },
        { "id": "france", "name": "FRANCE", "flag": "🇫🇷", "cities": [] },
        { "id": "germany", "name": "GERMANY", "flag": "🇩🇪", "cities": [] },
        { "id": "greece", "name": "GREECE", "flag": "🇬🇷", "cities": [] },
        { "id": "hungary", "name": "HUNGARY", "flag": "🇭🇺", "cities": [] },
        { "id": "iceland", "name": "ICELAND", "flag": "🇮🇸", "cities": [] },
        { "id": "ireland", "name": "IRELAND", "flag": "🇮🇪", "cities": [] },
        { "id": "italy", "name": "ITALY", "flag": "🇮🇹", "cities": [] },
        { "id": "latvia", "name": "LATVIA", "flag": "🇱🇻", "cities": [] },
        { "id": "lithuania", "name": "LITHUANIA", "flag": "🇱🇹", "cities": [] },
        {
          "id": "luxembourg",
          "name": "LUXEMBOURG",
          "flag": "🇱🇺",
          "cities": []
        },
        { "id": "malta", "name": "MALTA", "flag": "🇲🇹", "cities": [] },
        {
          "id": "montenegro",
          "name": "MONTENEGRO",
          "flag": "🇲🇪",
          "cities": []
        },
        {
          "id": "netherlands",
          "name": "NETHERLANDS",
          "flag": "🇳🇱",
          "cities": []
        },
        { "id": "norway", "name": "NORWAY", "flag": "🇳🇴", "cities": [] },
        { "id": "poland", "name": "POLAND", "flag": "🇵🇱", "cities": [] },
        { "id": "portugal", "name": "PORTUGAL", "flag": "🇵🇹", "cities": [] },
        { "id": "romania", "name": "ROMANIA", "flag": "🇷🇴", "cities": [] },
        { "id": "scotland", "name": "SCOTLAND", "flag": "ğŸ´ó §ó ¢ó ³ó £ó ´ó ¿", "cities": [] },
        { "id": "serbia", "name": "SERBIA", "flag": "🇷🇸", "cities": [] },
        { "id": "slovakia", "name": "SLOVAKIA", "flag": "🇸🇰", "cities": [] },
        { "id": "slovenia", "name": "SLOVENIA", "flag": "🇸🇮", "cities": [] },
        { "id": "spain", "name": "SPAIN", "flag": "🇪🇸", "cities": [] },
        { "id": "sweden", "name": "SWEDEN", "flag": "🇸🇪", "cities": [] },
        {
          "id": "switzerland",
          "name": "SWITZERLAND",
          "flag": "🇨🇭",
          "cities": []
        },
        { "id": "wales", "name": "WALES", "flag": "ğŸ´ó §ó ¢ó ·ó ¬ó ³ó ¿", "cities": [] }
      ]
    },
    {
      "id": "middle-east",
      "name": "MIDDLE EAST",
      "countries": [
        { "id": "iran", "name": "IRAN", "flag": "🇮🇷", "cities": [] },
        { "id": "iraq", "name": "IRAQ", "flag": "🇮🇶", "cities": [] },
        { "id": "israel", "name": "ISRAEL", "flag": "🇮🇱", "cities": [] },
        { "id": "kuwait", "name": "KUWAIT", "flag": "🇰🇼", "cities": [] },
        { "id": "lebanon", "name": "LEBANON", "flag": "🇱🇧", "cities": [] },
        { "id": "qatar", "name": "QATAR", "flag": "🇶🇦", "cities": [] },
        {
          "id": "saudi-arabia",
          "name": "SAUDI ARABIA",
          "flag": "🇸🇦",
          "cities": []
        },
        { "id": "turkey", "name": "TURKEY", "flag": "🇹🇷", "cities": [] },
        {
          "id": "uae",
          "name": "UNITED ARAB EMIRATES",
          "flag": "🇦🇪",
          "cities": []
        }
      ]
    },
    {
      "id": "africa",
      "name": "AFRICA",
      "countries": [
        { "id": "egypt", "name": "EGYPT", "flag": "🇪🇬", "cities": [] },
        { "id": "kenya", "name": "KENYA", "flag": "🇰🇪", "cities": [] },
        { "id": "morocco", "name": "MOROCCO", "flag": "🇲🇦", "cities": [] },
        { "id": "nigeria", "name": "NIGERIA", "flag": "🇳🇬", "cities": [] },
        {
          "id": "south-africa",
          "name": "SOUTH AFRICA",
          "flag": "🇿🇦",
          "cities": []
        }
      ]
    },
    {
      "id": "asia-pacific",
      "name": "ASIA-PACIFIC",
      "countries": [
        { "id": "australia", "name": "AUSTRALIA", "flag": "🇦🇺", "cities": [] },
        {
          "id": "bangladesh",
          "name": "BANGLADESH",
          "flag": "🇧🇩",
          "cities": []
        },
        { "id": "china", "name": "CHINA", "flag": "🇨🇳", "cities": [] },
        { "id": "fiji", "name": "FIJI", "flag": "🇫🇯", "cities": [] },
        { "id": "india", "name": "INDIA", "flag": "🇮🇳", "cities": [] },
        { "id": "indonesia", "name": "INDONESIA", "flag": "🇮🇩", "cities": [] },
        { "id": "japan", "name": "JAPAN", "flag": "🇯🇵", "cities": [] },
        { "id": "kiribati", "name": "KIRIBATI", "flag": "🇰🇮", "cities": [] },
        { "id": "malaysia", "name": "MALAYSIA", "flag": "🇲🇾", "cities": [] },
        {
          "id": "marshall-islands",
          "name": "MARSHALL ISLANDS",
          "flag": "🇲🇭",
          "cities": []
        },
        {
          "id": "micronesia-country",
          "name": "MICRONESIA",
          "flag": "🇫🇲",
          "cities": []
        },
        { "id": "nauru", "name": "NAURU", "flag": "🇳🇷", "cities": [] },
        {
          "id": "new-zealand",
          "name": "NEW ZEALAND",
          "flag": "🇳🇿",
          "cities": []
        },
        { "id": "pakistan", "name": "PAKISTAN", "flag": "🇵🇰", "cities": [] },
        { "id": "palau", "name": "PALAU", "flag": "🇵🇼", "cities": [] },
        {
          "id": "papua",
          "name": "PAPUA NEW GUINEA",
          "flag": "🇵🇬",
          "cities": []
        },
        {
          "id": "philippines",
          "name": "PHILIPPINES",
          "flag": "🇵🇭",
          "cities": []
        },
        { "id": "russia", "name": "RUSSIA", "flag": "🇷🇺", "cities": [] },
        { "id": "samoa", "name": "SAMOA", "flag": "🇼🇸", "cities": [] },
        { "id": "singapore", "name": "SINGAPORE", "flag": "🇸🇬", "cities": [] },
        {
          "id": "solomon",
          "name": "SOLOMON ISLANDS",
          "flag": "🇸🇧",
          "cities": []
        },
        {
          "id": "south-korea",
          "name": "SOUTH KOREA",
          "flag": "🇰🇷",
          "cities": []
        },
        { "id": "thailand", "name": "THAILAND", "flag": "🇹🇭", "cities": [] },
        { "id": "tonga", "name": "TONGA", "flag": "🇹🇴", "cities": [] },
        { "id": "tuvalu", "name": "TUVALU", "flag": "🇹🇻", "cities": [] },
        { "id": "ukraine", "name": "UKRAINE", "flag": "🇺🇦", "cities": [] },
        { "id": "vanuatu", "name": "VANUATU", "flag": "🇻🇺", "cities": [] },
        { "id": "vietnam", "name": "VIETNAM", "flag": "🇻🇳", "cities": [] }
      ]
    }
  ],
  "featuredChannels": [
    { "name": "Atlanta", "url": "https://ionatlanta.com" },
    { "name": "Boise", "url": "https://ionboise.org" },
    { "name": "Chandler", "url": "https://ionchandler.com" },
    { "name": "Chicago", "url": "https://ionchicago.org" },
    { "name": "Cincinnati", "url": "https://ioncincinnati.com" },
    { "name": "Cleveland", "url": "https://ioncleveland.com" },
    { "name": "Dallas", "url": "https://iondallas.org" },
    { "name": "Denver", "url": "https://iondenver.com" },
    { "name": "El Segundo", "url": "https://ionelsegundo.com" },
    { "name": "Fort Lauderdale", "url": "https://ionftlauderdale.com" },
    { "name": "Hermosa Beach", "url": "https://ionhermosabeach.com" },
    { "name": "Kansas City", "url": "https://ionkansascity.com" },
    { "name": "Las Vegas", "url": "https://ionlasvegas.com" },
    { "name": "Los Angeles", "url": "https://ionlosangeles.com" },
    { "name": "Manhattan Beach", "url": "https://ionmanhattanbeach.com" },
    { "name": "Nashville", "url": "https://ionnashville.com" },
    { "name": "Newport Beach", "url": "https://ionnewportbeach.com" },
    { "name": "New York City", "url": "https://ionnewyork.com" },
    { "name": "Pacific Beach", "url": "https://ionpacificbeach.com" },
    { "name": "Pacific Palisades", "url": "https://ionpacificpalisades.com" },
    { "name": "Phoenix", "url": "https://ionphoenix.com" },
    { "name": "Redondo Beach", "url": "https://ionredondobeach.com" },
    { "name": "San Diego", "url": "https://ionsandiego.com" },
    { "name": "San Jose", "url": "https://ionsanjose.com" },
    { "name": "San Pedro", "url": "https://ionsanpedro.com" },
    { "name": "Santa Barbara", "url": "https://ionsantabarbara.com" },
    { "name": "Scottsdale", "url": "https://ionscottsdale.com" },
    { "name": "Tucson", "url": "https://iontucson.com" },
    { "name": "West Hills", "url": "https://ionwesthills.com" },
    { "name": "West Palm Beach", "url": "https://ionwestpalmbeach.com" },
    { "name": "Westlake Village", "url": "https://ionwestlakevillage.com" }
  ]
}
